"boostings","learning_rates","max_bins","min_data_in_leaf","num_leaves","max_depth","val_auc","test_auc"
1,0.1,255,20,31,-1,0.806089099267571,0.787692218153026
1,0.01,255,20,31,-1,0.774466651083061,0.708985268674216
