"boostings","learning_rates","max_bins","min_data_in_leaf","num_leaves","max_depth","val_auc","test_auc"
1,0.1,125,24,64,-1,0.803215417380915,0.803987725161219
1,0.1,125,24,128,-1,0.803215417380915,0.803987725161219
