"boostings","learning_rates","max_bins","min_data_in_leaf","num_leaves","max_depth","val_score","test_score"
1,0.1,500,60,64,10,0.313147557779998,0.379942934439558
1,0.1,500,60,128,10,0.313147557779998,0.379942934439558
